Aphids\1.jpg,0
Aphids\1.jpg,0
Aphids\10.jpg,0
Aphids\10.jpg,0
Aphids\13.jpg,0
Aphids\13.jpg,0
Aphids\14.jpg,0
Aphids\14.jpg,0
Aphids\15.jpg,0
Aphids\15.jpg,0
Aphids\16.jpg,0
Aphids\16.jpg,0
Aphids\17.jpg,0
Aphids\17.jpg,0
Aphids\18.jpg,0
Aphids\18.jpg,0
Aphids\19.jpg,0
Aphids\19.jpg,0
Aphids\2.jpg,0
Aphids\2.jpg,0
Aphids\20.jpg,0
Aphids\20.jpg,0
Aphids\23.jpg,0
Aphids\23.jpg,0
Aphids\24.jpg,0
Aphids\24.jpg,0
Aphids\26.jpg,0
Aphids\26.jpg,0
Aphids\27.jpg,0
Aphids\27.jpg,0
Aphids\29.jpg,0
Aphids\29.jpg,0
Aphids\30.jpg,0
Aphids\30.jpg,0
Aphids\31.jpg,0
Aphids\31.jpg,0
Aphids\32.jpg,0
Aphids\32.jpg,0
Aphids\33.jpg,0
Aphids\33.jpg,0
Aphids\34.jpg,0
Aphids\34.jpg,0
Aphids\35.jpg,0
Aphids\35.jpg,0
Aphids\36.jpg,0
Aphids\36.jpg,0
Aphids\37.jpg,0
Aphids\37.jpg,0
Aphids\38.jpg,0
Aphids\38.jpg,0
Aphids\39.jpg,0
Aphids\39.jpg,0
Aphids\4.jpg,0
Aphids\4.jpg,0
Aphids\5.jpg,0
Aphids\5.jpg,0
Aphids\6.jpg,0
Aphids\6.jpg,0
Aphids\7.jpg,0
Aphids\7.jpg,0
Aphids\8.jpg,0
Aphids\8.jpg,0
Aphids\9.jpg,0
Aphids\9.jpg,0
Bacterial Blight\1.jpg,1
Bacterial Blight\1.jpg,1
Bacterial Blight\10.jpg,1
Bacterial Blight\10.jpg,1
Bacterial Blight\11.jpg,1
Bacterial Blight\11.jpg,1
Bacterial Blight\12.jpg,1
Bacterial Blight\12.jpg,1
Bacterial Blight\15.jpg,1
Bacterial Blight\15.jpg,1
Bacterial Blight\16.jpg,1
Bacterial Blight\16.jpg,1
Bacterial Blight\17.jpg,1
Bacterial Blight\17.jpg,1
Bacterial Blight\18.jpg,1
Bacterial Blight\18.jpg,1
Bacterial Blight\2.jpg,1
Bacterial Blight\2.jpg,1
Bacterial Blight\20.jpg,1
Bacterial Blight\20.jpg,1
Bacterial Blight\23.jpg,1
Bacterial Blight\23.jpg,1
Bacterial Blight\24.jpg,1
Bacterial Blight\24.jpg,1
Bacterial Blight\25.jpg,1
Bacterial Blight\25.jpg,1
Bacterial Blight\26.jpg,1
Bacterial Blight\26.jpg,1
Bacterial Blight\27.jpg,1
Bacterial Blight\27.jpg,1
Bacterial Blight\28.jpg,1
Bacterial Blight\28.jpg,1
Bacterial Blight\29.jpg,1
Bacterial Blight\29.jpg,1
Bacterial Blight\3.jpg,1
Bacterial Blight\3.jpg,1
Bacterial Blight\30.jpg,1
Bacterial Blight\30.jpg,1
Bacterial Blight\31.jpg,1
Bacterial Blight\31.jpg,1
Bacterial Blight\32.jpg,1
Bacterial Blight\32.jpg,1
Bacterial Blight\33.jpg,1
Bacterial Blight\33.jpg,1
Bacterial Blight\34.jpg,1
Bacterial Blight\34.jpg,1
Bacterial Blight\35.jpg,1
Bacterial Blight\35.jpg,1
Bacterial Blight\36.jpg,1
Bacterial Blight\36.jpg,1
Bacterial Blight\37.jpg,1
Bacterial Blight\37.jpg,1
Bacterial Blight\38.jpg,1
Bacterial Blight\38.jpg,1
Bacterial Blight\39.jpg,1
Bacterial Blight\39.jpg,1
Bacterial Blight\40.jpg,1
Bacterial Blight\40.jpg,1
Bacterial Blight\5.jpg,1
Bacterial Blight\5.jpg,1
Bacterial Blight\6.jpg,1
Bacterial Blight\6.jpg,1
Bacterial Blight\7.jpg,1
Bacterial Blight\7.jpg,1
Army worm\1.jpg,2
Army worm\1.jpg,2
Army worm\10.jpg,2
Army worm\10.jpg,2
Army worm\11.jpg,2
Army worm\11.jpg,2
Army worm\12.jpg,2
Army worm\12.jpg,2
Army worm\13.jpg,2
Army worm\13.jpg,2
Army worm\14.jpg,2
Army worm\14.jpg,2
Army worm\15.jpg,2
Army worm\15.jpg,2
Army worm\16.jpg,2
Army worm\16.jpg,2
Army worm\17.jpg,2
Army worm\17.jpg,2
Army worm\18.jpg,2
Army worm\18.jpg,2
Army worm\19.jpg,2
Army worm\19.jpg,2
Army worm\20.jpg,2
Army worm\20.jpg,2
Army worm\21.jpg,2
Army worm\21.jpg,2
Army worm\22.jpg,2
Army worm\22.jpg,2
Army worm\23.jpg,2
Army worm\23.jpg,2
Army worm\24.jpg,2
Army worm\24.jpg,2
Army worm\26.jpg,2
Army worm\26.jpg,2
Army worm\27.jpg,2
Army worm\27.jpg,2
Army worm\28.jpg,2
Army worm\28.jpg,2
Army worm\29.jpg,2
Army worm\29.jpg,2
Army worm\3.jpg,2
Army worm\3.jpg,2
Army worm\30.jpg,2
Army worm\30.jpg,2
Army worm\32.jpg,2
Army worm\32.jpg,2
Army worm\33.jpg,2
Army worm\33.jpg,2
Army worm\35.jpg,2
Army worm\35.jpg,2
Army worm\36.jpg,2
Army worm\36.jpg,2
Army worm\4.jpg,2
Army worm\4.jpg,2
Army worm\40.jpg,2
Army worm\40.jpg,2
Army worm\5.jpg,2
Army worm\5.jpg,2
Army worm\6.jpg,2
Army worm\6.jpg,2
Army worm\7.jpg,2
Army worm\7.jpg,2
Army worm\9.jpg,2
Army worm\9.jpg,2
Healthy leaf\1.jpg,3
Healthy leaf\1.jpg,3
Healthy leaf\10.jpg,3
Healthy leaf\10.jpg,3
Healthy leaf\12.jpg,3
Healthy leaf\12.jpg,3
Healthy leaf\14.jpg,3
Healthy leaf\14.jpg,3
Healthy leaf\15.jpg,3
Healthy leaf\15.jpg,3
Healthy leaf\16.jpeg,3
Healthy leaf\16.jpeg,3
Healthy leaf\16.jpg,3
Healthy leaf\16.jpg,3
Healthy leaf\2.jpg,3
Healthy leaf\2.jpg,3
Healthy leaf\36.jpg,3
Healthy leaf\36.jpg,3
Healthy leaf\37.jpg,3
Healthy leaf\37.jpg,3
Healthy leaf\38.jpg,3
Healthy leaf\38.jpg,3
Healthy leaf\40.jpg,3
Healthy leaf\40.jpg,3
Healthy leaf\5.jpg,3
Healthy leaf\5.jpg,3
Healthy leaf\7.jpg,3
Healthy leaf\7.jpg,3
Healthy leaf\8.jpg,3
Healthy leaf\8.jpg,3
Healthy leaf\9.jpg,3
Healthy leaf\9.jpg,3
Healthy leaf\32.jpg,3
Healthy leaf\32.jpg,3
Powdery Mildew\1.jpg,4
Powdery Mildew\1.jpg,4
Powdery Mildew\10.jpg,4
Powdery Mildew\10.jpg,4
Powdery Mildew\11.jpg,4
Powdery Mildew\11.jpg,4
Powdery Mildew\12.jpg,4
Powdery Mildew\12.jpg,4
Powdery Mildew\13.jpg,4
Powdery Mildew\13.jpg,4
Powdery Mildew\14.jpg,4
Powdery Mildew\14.jpg,4
Powdery Mildew\15.jpg,4
Powdery Mildew\15.jpg,4
Powdery Mildew\16.jpg,4
Powdery Mildew\16.jpg,4
Powdery Mildew\18.jpg,4
Powdery Mildew\18.jpg,4
Powdery Mildew\19.jpg,4
Powdery Mildew\19.jpg,4
Powdery Mildew\20.jpg,4
Powdery Mildew\20.jpg,4
Powdery Mildew\21.jpg,4
Powdery Mildew\21.jpg,4
Powdery Mildew\23.jpg,4
Powdery Mildew\23.jpg,4
Powdery Mildew\25.jpg,4
Powdery Mildew\25.jpg,4
Powdery Mildew\26.jpg,4
Powdery Mildew\26.jpg,4
Powdery Mildew\28.jpg,4
Powdery Mildew\28.jpg,4
Powdery Mildew\29.jpg,4
Powdery Mildew\29.jpg,4
Powdery Mildew\3.jpg,4
Powdery Mildew\3.jpg,4
Powdery Mildew\30.jpg,4
Powdery Mildew\30.jpg,4
Powdery Mildew\32.jpg,4
Powdery Mildew\32.jpg,4
Powdery Mildew\33.jpg,4
Powdery Mildew\33.jpg,4
Powdery Mildew\34.jpg,4
Powdery Mildew\34.jpg,4
Powdery Mildew\35.jpg,4
Powdery Mildew\35.jpg,4
Powdery Mildew\36.jpg,4
Powdery Mildew\36.jpg,4
Powdery Mildew\37.jpg,4
Powdery Mildew\37.jpg,4
Powdery Mildew\38.jpg,4
Powdery Mildew\38.jpg,4
Powdery Mildew\5.jpg,4
Powdery Mildew\5.jpg,4
Powdery Mildew\6.jpg,4
Powdery Mildew\6.jpg,4
Powdery Mildew\7.jpg,4
Powdery Mildew\7.jpg,4
Powdery Mildew\8.jpg,4
Powdery Mildew\8.jpg,4
Powdery Mildew\9.jpg,4
Powdery Mildew\9.jpg,4
Target spot\1.jpg,5
Target spot\1.jpg,5
Target spot\11.jpg,5
Target spot\11.jpg,5
Target spot\12.jpg,5
Target spot\12.jpg,5
Target spot\13.jpg,5
Target spot\13.jpg,5
Target spot\14.jpg,5
Target spot\14.jpg,5
Target spot\15.jpg,5
Target spot\15.jpg,5
Target spot\16.jpg,5
Target spot\16.jpg,5
Target spot\17.jpg,5
Target spot\17.jpg,5
Target spot\19.jpg,5
Target spot\19.jpg,5
Target spot\2.jpg,5
Target spot\2.jpg,5
Target spot\20.jpg,5
Target spot\20.jpg,5
Target spot\21.jpg,5
Target spot\21.jpg,5
Target spot\22.jpg,5
Target spot\22.jpg,5
Target spot\23.jpg,5
Target spot\23.jpg,5
Target spot\25.jpg,5
Target spot\25.jpg,5
Target spot\26.jpg,5
Target spot\26.jpg,5
Target spot\27.jpg,5
Target spot\27.jpg,5
Target spot\28.jpg,5
Target spot\28.jpg,5
Target spot\29.jpg,5
Target spot\29.jpg,5
Target spot\3.jpg,5
Target spot\3.jpg,5
Target spot\30.jpg,5
Target spot\30.jpg,5
Target spot\31.jpg,5
Target spot\31.jpg,5
Target spot\32.jpg,5
Target spot\32.jpg,5
Target spot\33.jpg,5
Target spot\33.jpg,5
Target spot\34.jpg,5
Target spot\34.jpg,5
Target spot\36.jpg,5
Target spot\36.jpg,5
Target spot\37.jpg,5
Target spot\37.jpg,5
Target spot\39.jpg,5
Target spot\39.jpg,5
Target spot\4.jpg,5
Target spot\4.jpg,5
Target spot\40.jpg,5
Target spot\40.jpg,5
Target spot\6.jpg,5
Target spot\6.jpg,5
Target spot\8.jpg,5
Target spot\8.jpg,5
