207.png,pawn
208.png,pawn
209.png,pawn
210.png,pawn
211.png,pawn
212.png,pawn
213.png,pawn
214.png,pawn
215.png,pawn
216.png,pawn
217.png,pawn
218.png,pawn
219.png,pawn
220.png,pawn
221.png,pawn
222.png,pawn
223.png,pawn
224.png,pawn
225.png,pawn
226.png,pawn
227.png,pawn
228.png,pawn
229.png,pawn
230.png,pawn
231.png,pawn
232.png,pawn
233.png,pawn
234.png,pawn
235.png,pawn
236.png,pawn
237.png,pawn
238.png,pawn
239.png,pawn
240.png,pawn
241.png,pawn
242.png,pawn
243.png,pawn
244.png,pawn
245.png,pawn
246.png,pawn
247.png,pawn
248.png,pawn
249.png,pawn
25.png,pawn
250.png,pawn
251.png,pawn
252.png,pawn
253.png,pawn
254.png,pawn
255.png,pawn
256.png,pawn
257.png,pawn
258.png,pawn
259.png,pawn
260.png,pawn
261.png,pawn
262.png,pawn
263.png,pawn
264.png,pawn
265.png,pawn
266.png,pawn
267.png,pawn
268.png,pawn
269.png,pawn
270.png,pawn
271.png,pawn
272.png,pawn
273.png,pawn
274.png,pawn
275.png,pawn
276.png,pawn
277.png,pawn
278.png,pawn
279.png,pawn
280.png,pawn
281.png,pawn
282.png,pawn
283.png,pawn
284.png,pawn
285.png,pawn
286.png,pawn
287.png,pawn
288.png,pawn
289.png,pawn
290.png,pawn
291.png,pawn
292.png,pawn
293.png,pawn
294.png,pawn
295.png,pawn
296.png,pawn
297.png,pawn
298.png,pawn
299.png,pawn
300.png,pawn
301.png,pawn
302.png,pawn
303.png,pawn
304.png,pawn
305.png,pawn
306.png,pawn
307.png,pawn
308.png,pawn
309.png,pawn
310.png,pawn
311.png,pawn
312.png,pawn
313.png,pawn
314.png,pawn
315.png,pawn
316.png,pawn
317.png,pawn
318.png,pawn
319.png,pawn
320.png,pawn
321.png,pawn
322.png,pawn
323.png,pawn
324.png,pawn
325.png,pawn
326.png,pawn
327.png,pawn
328.png,pawn
329.png,pawn
330.png,pawn
331.png,pawn
332.png,pawn
333.png,pawn
334.png,pawn
335.png,pawn
336.png,pawn
337.png,pawn
338.png,pawn
339.png,pawn
340.png,pawn
341.png,pawn
342.png,pawn
343.png,pawn
344.png,pawn
345.png,pawn
346.png,pawn
347.png,pawn
348.png,pawn
349.png,pawn
350.png,pawn
351.png,pawn
352.png,pawn
353.png,pawn
354.png,pawn
355.png,pawn
356.png,pawn
357.png,pawn
358.png,pawn
359.png,pawn
360.png,pawn
361.png,pawn
362.png,pawn
363.png,pawn
364.png,pawn
365.png,pawn
366.png,pawn
367.png,pawn
368.png,pawn
369.png,pawn
370.png,pawn
371.png,pawn
372.png,pawn
373.png,pawn
374.png,pawn
375.png,pawn
376.png,pawn
377.png,pawn
378.png,pawn
379.png,pawn
380.png,pawn
381.png,pawn
382.png,pawn
383.png,pawn
384.png,pawn
385.png,pawn
386.png,pawn
387.png,pawn
388.png,pawn
389.png,pawn
390.png,pawn
391.png,pawn
392.png,pawn
393.png,pawn
394.png,pawn
395.png,pawn
396.png,pawn
397.png,pawn
398.png,pawn
399.png,pawn
400.png,pawn
401.png,pawn
402.png,pawn
403.png,pawn
404.png,pawn
405.png,pawn
406.png,pawn
407.png,pawn
408.png,pawn
409.png,pawn
410.png,pawn
411.png,pawn
412.png,pawn
413.png,pawn
414.png,pawn
415.png,pawn
416.png,pawn
417.png,pawn
418.png,pawn
419.png,pawn
420.png,pawn
421.png,pawn
422.png,pawn
423.png,pawn
424.png,pawn
425.png,pawn
426.png,pawn
427.png,pawn
428.png,pawn
429.png,pawn
430.png,pawn
431.png,pawn
432.png,pawn
433.png,pawn
434.png,pawn
435.png,pawn
436.png,pawn
437.png,pawn
438.png,pawn
439.png,pawn
440.png,pawn
441.png,pawn
442.png,pawn
443.png,pawn
444.png,pawn
173.png,queen
174.png,queen
175.png,queen
176.png,queen
177.png,queen
178.png,queen
179.png,queen
180.png,queen
181.png,queen
182.png,queen
183.png,queen
184.png,queen
185.png,queen
186.png,queen
187.png,queen
188.png,queen
189.png,queen
190.png,queen
191.png,queen
192.png,queen
193.png,queen
194.png,queen
195.png,queen
196.png,queen
197.png,queen
198.png,queen
199.png,queen
200.png,queen
201.png,queen
202.png,queen
203.png,queen
204.png,queen
205.png,queen
206.png,queen
102.png,rook
103.png,rook
104.png,rook
105.png,rook
106.png,rook
107.png,rook
108.png,rook
109.png,rook
110.png,rook
111.png,rook
112.png,rook
113.png,rook
114.png,rook
115.png,rook
116.png,rook
117.png,rook
118.png,rook
119.png,rook
120.png,rook
121.png,rook
122.png,rook
123.png,rook
124.png,rook
125.png,rook
126.png,rook
127.png,rook
128.png,rook
129.png,rook
130.png,rook
131.png,rook
132.png,rook
133.png,rook
134.png,rook
135.png,rook
136.png,rook
137.png,rook
138.png,rook
139.png,rook
140.png,rook
141.png,rook
142.png,rook
143.png,rook
144.png,rook
145.png,rook
146.png,rook
147.png,rook
148.png,rook
149.png,rook
150.png,rook
151.png,rook
152.png,rook
153.png,rook
154.png,rook
155.png,rook
156.png,rook
157.png,rook
158.png,rook
159.png,rook
160.png,rook
161.png,rook
162.png,rook
163.png,rook
164.png,rook
165.png,rook
166.png,rook
167.png,rook
168.png,rook
169.png,rook
170.png,rook
171.png,rook
172.png,rook
96.png,rook
100.png,bishop
101.png,bishop
34.png,bishop
35.png,bishop
36.png,bishop
37.png,bishop
38.png,bishop
39.png,bishop
40.png,bishop
41.png,bishop
42.png,bishop
43.png,bishop
44.png,bishop
45.png,bishop
46.png,bishop
47.png,bishop
48.png,bishop
49.png,bishop
50.png,bishop
51.png,bishop
52.png,bishop
53.png,bishop
54.png,bishop
55.png,bishop
56.png,bishop
57.png,bishop
58.png,bishop
59.png,bishop
60.png,bishop
61.png,bishop
62.png,bishop
63.png,bishop
64.png,bishop
65.png,bishop
66.png,bishop
67.png,bishop
68.png,bishop
69.png,bishop
70.png,bishop
71.png,bishop
72.png,bishop
73.png,bishop
74.png,bishop
75.png,bishop
76.png,bishop
77.png,bishop
78.png,bishop
79.png,bishop
80.png,bishop
81.png,bishop
82.png,bishop
83.png,bishop
84.png,bishop
85.png,bishop
86.png,bishop
87.png,bishop
88.png,bishop
89.png,bishop
90.png,bishop
91.png,bishop
92.png,bishop
93.png,bishop
94.png,bishop
95.png,bishop
97.png,bishop
98.png,bishop
99.png,bishop
0.png,king
1.png,king
10.png,king
11.png,king
12.png,king
13.png,king
14.png,king
15.png,king
16.png,king
17.png,king
18.png,king
19.png,king
2.png,king
20.png,king
21.png,king
22.png,king
23.png,king
24.png,king
26.png,king
27.png,king
28.png,king
29.png,king
3.png,king
30.png,king
31.png,king
32.png,king
33.png,king
4.png,king
491.png,king
5.png,king
6.png,king
7.png,king
8.png,king
9.png,king
445.png,knight
446.png,knight
447.png,knight
448.png,knight
449.png,knight
450.png,knight
451.png,knight
452.png,knight
453.png,knight
454.png,knight
455.png,knight
456.png,knight
457.png,knight
458.png,knight
459.png,knight
460.png,knight
461.png,knight
462.png,knight
463.png,knight
464.png,knight
465.png,knight
466.png,knight
467.png,knight
468.png,knight
469.png,knight
470.png,knight
471.png,knight
472.png,knight
473.png,knight
474.png,knight
475.png,knight
476.png,knight
477.png,knight
478.png,knight
479.png,knight
480.png,knight
481.png,knight
482.png,knight
483.png,knight
484.png,knight
485.png,knight
486.png,knight
487.png,knight
488.png,knight
489.png,knight
490.png,knight
492.png,knight
493.png,knight
494.png,knight
495.png,knight
496.png,knight
497.png,knight
498.png,knight
499.png,knight
500.png,knight
501.png,knight
502.png,knight
503.png,knight
504.png,knight
505.png,knight
506.png,knight
507.png,knight
508.png,knight
509.png,knight
510.png,knight
511.png,knight
512.png,knight
513.png,knight
514.png,knight
515.png,knight
516.png,knight
